[
            {
              "date": 1493922600000,
              "units": 320
            },
            {
              "date": 1494009000000,
              "units": 552
            },
            {
              "date": 1494095400000,
              "units": 342
            },
            {
              "date": 1494181800000,
              "units": 431
            },
            {
              "date": 1494268200000,
              "units": 251
            },
            {
              "date": 1494354600000,
              "units": 445
            }
          ]

